Under-sampling,Data-split labelled and unlabelled,Accuracy,Precision,Recall,F1-Score,ARI,response_time_data_preprocessing,response_time_tsne,response_time_undersampling,response_time_model_training
91,53,0.9726666666666667,0.9738945166178246,0.9726666666666667,0.9723970652534956,0.9206667514632766,10.26486086845398,309.3189630508423,0.006259441375732422,3.649622917175293
50,17,0.9853333333333333,0.9859514687100894,0.9853333333333333,0.9853262312292483,0.9569532008578149,8.819671630859375,309.16973543167114,0.00745844841003418,3.49920392036438
75,66,0.98,0.981132075471698,0.98,0.9799819837854069,0.9417961533836614,9.564170360565186,305.68908429145813,0.012876510620117188,3.552079677581787
60,15,1.0,1.0,1.0,1.0,1.0,7.299952268600464,310.6202280521393,0.019494295120239258,5.118209362030029
